2026/10/09 01:26:25.954, 0, 13, 97871, 0, 95.65
2026/10/09 01:26:25.957, 1, 14, 97871, 0, 98.40
2026/10/09 01:26:25.961, 2, 9, 97871, 0, 96.53
2026/10/09 01:26:25.964, 3, 10, 97871, 0, 100.18
2026/10/09 01:26:26.968, 0, 13, 97871, 0, 95.11
2026/10/09 01:26:26.968, 1, 14, 97871, 0, 97.89
2026/10/09 01:26:26.968, 2, 9, 97871, 0, 96.30
2026/10/09 01:26:26.968, 3, 10, 97871, 0, 99.76
2026/10/09 01:26:27.968, 0, 13, 97871, 0, 95.32
2026/10/09 01:26:27.968, 1, 14, 97871, 0, 98.12
2026/10/09 01:26:27.968, 2, 9, 97871, 0, 96.34
2026/10/09 01:26:27.968, 3, 10, 97871, 0, 99.81
2026/10/09 01:26:28.968, 0, 13, 97871, 0, 95.55
2026/10/09 01:26:28.968, 1, 14, 97871, 0, 98.01
2026/10/09 01:26:28.968, 2, 9, 97871, 0, 96.36
2026/10/09 01:26:28.968, 3, 10, 97871, 0, 99.80
2026/10/09 01:26:29.969, 0, 13, 97871, 0, 95.53
2026/10/09 01:26:29.969, 1, 14, 97871, 0, 98.07
2026/10/09 01:26:29.969, 2, 9, 97871, 0, 96.41
2026/10/09 01:26:29.969, 3, 10, 97871, 0, 99.87
2026/10/09 01:26:30.969, 0, 13, 97871, 0, 95.57
2026/10/09 01:26:30.969, 1, 14, 97871, 0, 98.13
2026/10/09 01:26:30.969, 2, 9, 97871, 0, 96.42
2026/10/09 01:26:30.969, 3, 10, 97871, 0, 99.77
2026/10/09 01:26:31.969, 0, 13, 97871, 0, 95.43
2026/10/09 01:26:31.969, 1, 14, 97871, 0, 98.00
2026/10/09 01:26:31.969, 2, 9, 97871, 0, 96.32
2026/10/09 01:26:31.969, 3, 10, 97871, 0, 99.75
2026/10/09 01:26:32.969, 0, 13, 97871, 0, 95.62
2026/10/09 01:26:32.969, 1, 14, 97871, 0, 97.97
2026/10/09 01:26:32.969, 2, 9, 97871, 0, 96.38
2026/10/09 01:26:32.969, 3, 10, 97871, 0, 99.74
2026/10/09 01:26:33.970, 0, 13, 97871, 0, 95.65
2026/10/09 01:26:33.970, 1, 14, 97871, 0, 98.16
2026/10/09 01:26:33.970, 2, 9, 97871, 0, 96.40
2026/10/09 01:26:33.970, 3, 10, 97871, 0, 99.79
2026/10/09 01:26:34.970, 0, 13, 97871, 0, 95.60
2026/10/09 01:26:34.970, 1, 14, 97871, 0, 98.05
2026/10/09 01:26:34.970, 2, 9, 97871, 0, 96.31
2026/10/09 01:26:34.970, 3, 10, 97871, 0, 99.80
2026/10/09 01:26:35.970, 0, 13, 97871, 0, 95.46
2026/10/09 01:26:35.970, 1, 14, 97871, 0, 98.00
2026/10/09 01:26:35.970, 2, 9, 97871, 0, 96.38
2026/10/09 01:26:35.970, 3, 10, 97871, 0, 99.79
2026/10/09 01:26:36.970, 0, 13, 97871, 0, 95.31
2026/10/09 01:26:36.971, 1, 14, 97871, 0, 98.05
2026/10/09 01:26:36.971, 2, 9, 97871, 0, 96.44
2026/10/09 01:26:36.971, 3, 10, 97871, 0, 99.95
2026/10/09 01:26:37.971, 0, 13, 97871, 0, 95.30
2026/10/09 01:26:37.971, 1, 14, 97871, 0, 98.03
2026/10/09 01:26:37.971, 2, 9, 97871, 0, 96.39
2026/10/09 01:26:37.971, 3, 10, 97871, 0, 99.89
2026/10/09 01:26:38.971, 0, 13, 97871, 0, 95.75
2026/10/09 01:26:38.971, 1, 14, 97871, 0, 98.25
2026/10/09 01:26:38.971, 2, 9, 97871, 0, 96.21
2026/10/09 01:26:38.971, 3, 10, 97871, 0, 99.97
2026/10/09 01:26:39.971, 0, 13, 97871, 0, 95.76
2026/10/09 01:26:39.972, 1, 14, 97871, 0, 98.44
2026/10/09 01:26:39.972, 2, 9, 97871, 0, 96.36
2026/10/09 01:26:39.972, 3, 10, 97871, 0, 99.75
2026/10/09 01:26:40.972, 0, 13, 97871, 0, 96.05
2026/10/09 01:26:40.972, 1, 14, 97871, 0, 98.13
2026/10/09 01:26:40.972, 2, 9, 97871, 0, 96.22
2026/10/09 01:26:40.972, 3, 10, 97871, 0, 99.90
2026/10/09 01:26:41.972, 0, 13, 97871, 0, 95.44
2026/10/09 01:26:41.991, 1, 14, 97871, 0, 98.04
2026/10/09 01:26:41.991, 2, 9, 97871, 0, 96.29
2026/10/09 01:26:41.991, 3, 10, 97871, 0, 99.85
2026/10/09 01:26:42.991, 0, 13, 97871, 0, 95.51
2026/10/09 01:26:42.991, 1, 14, 97871, 0, 98.16
2026/10/09 01:26:42.991, 2, 9, 97871, 0, 96.37
2026/10/09 01:26:42.991, 3, 10, 97871, 0, 99.93
2026/10/09 01:26:43.991, 0, 13, 97871, 0, 95.72
2026/10/09 01:26:43.991, 1, 14, 97871, 0, 98.11
2026/10/09 01:26:43.991, 2, 9, 97871, 0, 96.19
2026/10/09 01:26:43.991, 3, 10, 97871, 0, 99.75
2026/10/09 01:26:44.992, 0, 13, 97871, 0, 95.73
2026/10/09 01:26:44.992, 1, 14, 97871, 0, 98.02
2026/10/09 01:26:44.992, 2, 9, 97871, 0, 96.17
2026/10/09 01:26:44.992, 3, 10, 97871, 0, 99.81
2026/10/09 01:26:45.992, 0, 13, 97871, 0, 95.82
2026/10/09 01:26:45.992, 1, 14, 97871, 0, 98.14
2026/10/09 01:26:45.992, 2, 9, 97871, 0, 96.23
2026/10/09 01:26:45.992, 3, 10, 97871, 0, 99.77
2026/10/09 01:26:46.992, 0, 13, 97871, 0, 95.94
2026/10/09 01:26:46.992, 1, 14, 97871, 0, 98.19
2026/10/09 01:26:46.992, 2, 9, 97871, 0, 96.21
2026/10/09 01:26:46.992, 3, 10, 97871, 0, 99.76
2026/10/09 01:26:47.992, 0, 13, 97871, 0, 95.84
2026/10/09 01:26:47.993, 1, 14, 97871, 0, 98.11
2026/10/09 01:26:47.993, 2, 9, 97871, 0, 96.16
2026/10/09 01:26:47.993, 3, 10, 97871, 0, 99.63
2026/10/09 01:26:48.993, 0, 13, 97871, 0, 95.99
2026/10/09 01:26:48.993, 1, 14, 97871, 0, 98.03
2026/10/09 01:26:48.993, 2, 9, 97871, 0, 96.18
2026/10/09 01:26:48.993, 3, 10, 97871, 0, 99.77
2026/10/09 01:26:49.993, 0, 13, 97871, 0, 95.80
2026/10/09 01:26:49.993, 1, 14, 97871, 0, 97.92
2026/10/09 01:26:49.993, 2, 9, 97871, 0, 96.25
2026/10/09 01:26:49.993, 3, 10, 97871, 0, 99.54
2026/10/09 01:26:50.993, 0, 13, 97871, 0, 95.80
2026/10/09 01:26:50.993, 1, 14, 97871, 0, 98.14
2026/10/09 01:26:50.993, 2, 9, 97871, 0, 96.19
2026/10/09 01:26:50.993, 3, 10, 97871, 0, 99.71
2026/10/09 01:26:51.994, 0, 13, 97871, 0, 95.69
2026/10/09 01:26:51.994, 1, 14, 97871, 0, 97.97
2026/10/09 01:26:51.994, 2, 9, 97871, 0, 96.29
2026/10/09 01:26:51.994, 3, 10, 97871, 0, 99.82
2026/10/09 01:26:52.994, 0, 13, 97871, 0, 95.87
2026/10/09 01:26:52.994, 1, 14, 97871, 0, 97.94
2026/10/09 01:26:52.994, 2, 9, 97871, 0, 96.27
2026/10/09 01:26:52.994, 3, 10, 97871, 0, 99.72
2026/10/09 01:26:53.994, 0, 13, 97871, 0, 95.76
2026/10/09 01:26:53.994, 1, 14, 97871, 0, 97.96
2026/10/09 01:26:53.994, 2, 9, 97871, 0, 96.23
2026/10/09 01:26:53.994, 3, 10, 97871, 0, 99.74
2026/10/09 01:26:54.994, 0, 13, 97871, 0, 95.74
2026/10/09 01:26:54.994, 1, 14, 97871, 0, 97.95
2026/10/09 01:26:54.994, 2, 9, 97871, 0, 96.12
2026/10/09 01:26:54.994, 3, 10, 97871, 0, 99.66
2026/10/09 01:26:55.995, 0, 13, 97871, 0, 95.92
2026/10/09 01:26:55.995, 1, 14, 97871, 0, 98.06
2026/10/09 01:26:55.995, 2, 9, 97871, 0, 96.28
2026/10/09 01:26:55.995, 3, 10, 97871, 0, 99.81
2026/10/09 01:26:56.995, 0, 13, 97871, 0, 95.73
2026/10/09 01:26:56.995, 1, 14, 97871, 0, 97.98
2026/10/09 01:26:56.995, 2, 9, 97871, 0, 96.26
2026/10/09 01:26:56.995, 3, 10, 97871, 0, 99.74
2026/10/09 01:26:57.995, 0, 13, 97871, 0, 96.28
2026/10/09 01:26:57.995, 1, 14, 97871, 0, 98.06
2026/10/09 01:26:57.995, 2, 9, 97871, 0, 96.21
2026/10/09 01:26:57.995, 3, 10, 97871, 0, 99.67
2026/10/09 01:26:58.995, 0, 13, 97871, 0, 95.83
2026/10/09 01:26:58.996, 1, 14, 97871, 0, 98.04
2026/10/09 01:26:58.996, 2, 9, 97871, 0, 96.28
2026/10/09 01:26:58.996, 3, 10, 97871, 0, 99.59
2026/10/09 01:26:59.996, 0, 13, 97871, 0, 95.63
2026/10/09 01:26:59.996, 1, 14, 97871, 0, 98.02
2026/10/09 01:26:59.996, 2, 9, 97871, 0, 96.42
2026/10/09 01:26:59.996, 3, 10, 97871, 0, 99.82
2026/10/09 01:27:00.996, 0, 13, 97871, 0, 95.88
2026/10/09 01:27:00.996, 1, 14, 97871, 0, 97.94
2026/10/09 01:27:00.996, 2, 9, 97871, 0, 96.22
2026/10/09 01:27:00.996, 3, 10, 97871, 0, 99.85
2026/10/09 01:27:01.996, 0, 13, 97871, 0, 95.82
2026/10/09 01:27:01.997, 1, 14, 97871, 0, 97.99
2026/10/09 01:27:01.997, 2, 9, 97871, 0, 96.15
2026/10/09 01:27:01.997, 3, 10, 97871, 0, 99.72
2026/10/09 01:27:02.997, 0, 13, 97871, 0, 95.97
2026/10/09 01:27:02.997, 1, 14, 97871, 0, 98.47
2026/10/09 01:27:02.997, 2, 9, 97871, 0, 96.31
2026/10/09 01:27:02.997, 3, 10, 97871, 0, 99.58
2026/10/09 01:27:03.997, 0, 13, 97871, 0, 95.85
2026/10/09 01:27:03.997, 1, 14, 97871, 0, 98.08
2026/10/09 01:27:03.997, 2, 9, 97871, 0, 96.18
2026/10/09 01:27:03.997, 3, 10, 97871, 0, 99.58
2026/10/09 01:27:04.998, 0, 13, 97871, 0, 96.04
2026/10/09 01:27:04.998, 1, 14, 97871, 0, 98.12
2026/10/09 01:27:04.998, 2, 9, 97871, 0, 96.24
2026/10/09 01:27:04.998, 3, 10, 97871, 0, 99.46
2026/10/09 01:27:05.998, 0, 13, 97871, 0, 96.21
2026/10/09 01:27:05.998, 1, 14, 97871, 0, 98.17
2026/10/09 01:27:05.998, 2, 9, 97871, 0, 96.19
2026/10/09 01:27:05.998, 3, 10, 97871, 0, 99.48
2026/10/09 01:27:06.998, 0, 13, 97871, 0, 95.78
2026/10/09 01:27:06.998, 1, 14, 97871, 0, 97.96
2026/10/09 01:27:06.998, 2, 9, 97871, 0, 96.15
2026/10/09 01:27:06.999, 3, 10, 97871, 0, 99.39
2026/10/09 01:27:08.000, 0, 13, 97871, 0, 95.79
2026/10/09 01:27:08.000, 1, 14, 97871, 0, 98.17
2026/10/09 01:27:08.000, 2, 9, 97871, 0, 96.26
2026/10/09 01:27:08.000, 3, 10, 97871, 0, 99.57
2026/10/09 01:27:09.000, 0, 13, 97871, 0, 96.08
2026/10/09 01:27:09.000, 1, 14, 97871, 0, 98.07
2026/10/09 01:27:09.000, 2, 9, 97871, 0, 96.18
2026/10/09 01:27:09.000, 3, 10, 97871, 0, 99.61
2026/10/09 01:27:10.000, 0, 13, 97871, 0, 95.95
2026/10/09 01:27:10.000, 1, 14, 97871, 0, 97.97
2026/10/09 01:27:10.000, 2, 9, 97871, 0, 96.20
2026/10/09 01:27:10.000, 3, 10, 97871, 0, 99.52
2026/10/09 01:27:11.000, 0, 13, 97871, 0, 95.75
2026/10/09 01:27:11.000, 1, 14, 97871, 0, 98.18
2026/10/09 01:27:11.000, 2, 9, 97871, 0, 96.27
2026/10/09 01:27:11.000, 3, 10, 97871, 0, 99.51
2026/10/09 01:27:12.000, 0, 13, 97871, 0, 96.25
2026/10/09 01:27:12.001, 1, 14, 97871, 0, 97.95
2026/10/09 01:27:12.001, 2, 9, 97871, 0, 96.31
2026/10/09 01:27:12.001, 3, 10, 97871, 0, 99.44
2026/10/09 01:27:13.001, 0, 13, 97871, 0, 95.98
2026/10/09 01:27:13.001, 1, 14, 97871, 0, 98.00
2026/10/09 01:27:13.001, 2, 9, 97871, 0, 96.28
2026/10/09 01:27:13.001, 3, 10, 97871, 0, 99.56
2026/10/09 01:27:14.001, 0, 13, 97871, 0, 95.97
2026/10/09 01:27:14.001, 1, 14, 97871, 0, 98.21
2026/10/09 01:27:14.001, 2, 9, 97871, 0, 96.17
2026/10/09 01:27:14.001, 3, 10, 97871, 0, 99.44
2026/10/09 01:27:15.001, 0, 13, 97871, 0, 96.24
2026/10/09 01:27:15.001, 1, 14, 97871, 0, 97.96
2026/10/09 01:27:15.001, 2, 9, 97871, 0, 96.23
2026/10/09 01:27:15.001, 3, 10, 97871, 0, 99.42
2026/10/09 01:27:16.002, 0, 13, 97871, 0, 95.99
2026/10/09 01:27:16.002, 1, 14, 97871, 0, 98.17
2026/10/09 01:27:16.002, 2, 9, 97871, 0, 96.24
2026/10/09 01:27:16.002, 3, 10, 97871, 0, 99.45
2026/10/09 01:27:17.002, 0, 13, 97871, 0, 95.89
2026/10/09 01:27:17.002, 1, 14, 97871, 0, 98.25
2026/10/09 01:27:17.002, 2, 9, 97871, 0, 96.22
2026/10/09 01:27:17.002, 3, 10, 97871, 0, 99.46
2026/10/09 01:27:18.002, 0, 13, 97871, 0, 96.09
2026/10/09 01:27:18.002, 1, 14, 97871, 0, 98.15
2026/10/09 01:27:18.002, 2, 9, 97871, 0, 96.18
2026/10/09 01:27:18.002, 3, 10, 97871, 0, 99.57
2026/10/09 01:27:19.002, 0, 13, 97871, 0, 96.22
2026/10/09 01:27:19.003, 1, 14, 97871, 0, 98.16
2026/10/09 01:27:19.003, 2, 9, 97871, 0, 96.19
2026/10/09 01:27:19.003, 3, 10, 97871, 0, 99.50
2026/10/09 01:27:20.003, 0, 13, 97871, 0, 96.11
2026/10/09 01:27:20.003, 1, 14, 97871, 0, 98.07
2026/10/09 01:27:20.003, 2, 9, 97871, 0, 96.20
2026/10/09 01:27:20.003, 3, 10, 97871, 0, 99.44
2026/10/09 01:27:21.003, 0, 13, 97871, 0, 95.98
2026/10/09 01:27:21.003, 1, 14, 97871, 0, 98.22
2026/10/09 01:27:21.003, 2, 9, 97871, 0, 96.20
2026/10/09 01:27:21.003, 3, 10, 97871, 0, 99.50
2026/10/09 01:27:22.003, 0, 13, 97871, 0, 96.04
2026/10/09 01:27:22.003, 1, 14, 97871, 0, 98.23
2026/10/09 01:27:22.003, 2, 9, 97871, 0, 96.31
2026/10/09 01:27:22.003, 3, 10, 97871, 0, 99.45
2026/10/09 01:27:23.003, 0, 13, 97871, 0, 96.14
2026/10/09 01:27:23.003, 1, 14, 97871, 0, 98.29
2026/10/09 01:27:23.003, 2, 9, 97871, 0, 96.26
2026/10/09 01:27:23.003, 3, 10, 97871, 0, 99.54
2026/10/09 01:27:24.004, 0, 13, 97871, 0, 95.98
2026/10/09 01:27:24.004, 1, 14, 97871, 0, 98.10
2026/10/09 01:27:24.004, 2, 9, 97871, 0, 96.22
2026/10/09 01:27:24.004, 3, 10, 97871, 0, 99.49
2026/10/09 01:27:25.004, 0, 13, 97871, 0, 96.07
2026/10/09 01:27:25.004, 1, 14, 97871, 0, 98.19
2026/10/09 01:27:25.004, 2, 9, 97871, 0, 96.14
2026/10/09 01:27:25.004, 3, 10, 97871, 0, 99.33
2026/10/09 01:27:26.004, 0, 13, 97871, 0, 96.04
2026/10/09 01:27:26.004, 1, 14, 97871, 0, 98.24
2026/10/09 01:27:26.004, 2, 9, 97871, 0, 96.14
2026/10/09 01:27:26.004, 3, 10, 97871, 0, 99.47
2026/10/09 01:27:27.004, 0, 13, 97871, 0, 96.18
2026/10/09 01:27:27.004, 1, 14, 97871, 0, 98.04
2026/10/09 01:27:27.004, 2, 9, 97871, 0, 96.20
2026/10/09 01:27:27.004, 3, 10, 97871, 0, 99.36
2026/10/09 01:27:28.004, 0, 13, 97871, 0, 96.06
2026/10/09 01:27:28.004, 1, 14, 97871, 0, 98.23
2026/10/09 01:27:28.004, 2, 9, 97871, 0, 96.25
2026/10/09 01:27:28.004, 3, 10, 97871, 0, 99.44
2026/10/09 01:27:29.005, 0, 13, 97871, 0, 96.10
2026/10/09 01:27:29.005, 1, 14, 97871, 0, 98.23
2026/10/09 01:27:29.005, 2, 9, 97871, 0, 96.10
2026/10/09 01:27:29.005, 3, 10, 97871, 0, 99.44
2026/10/09 01:27:30.005, 0, 13, 97871, 0, 96.02
2026/10/09 01:27:30.005, 1, 14, 97871, 0, 98.13
2026/10/09 01:27:30.005, 2, 9, 97871, 0, 96.11
2026/10/09 01:27:30.005, 3, 10, 97871, 0, 99.52
2026/10/09 01:27:31.005, 0, 13, 97871, 0, 96.15
2026/10/09 01:27:31.005, 1, 14, 97871, 0, 98.01
2026/10/09 01:27:31.005, 2, 9, 97871, 0, 96.17
2026/10/09 01:27:31.005, 3, 10, 97871, 0, 99.59
2026/10/09 01:27:32.005, 0, 13, 97871, 0, 96.13
2026/10/09 01:27:32.005, 1, 14, 97871, 0, 98.09
2026/10/09 01:27:32.005, 2, 9, 97871, 0, 96.21
2026/10/09 01:27:32.005, 3, 10, 97871, 0, 99.44
2026/10/09 01:27:33.005, 0, 13, 97871, 0, 96.07
2026/10/09 01:27:33.005, 1, 14, 97871, 0, 98.18
2026/10/09 01:27:33.005, 2, 9, 97871, 0, 96.17
2026/10/09 01:27:33.005, 3, 10, 97871, 0, 99.53
2026/10/09 01:27:34.006, 0, 13, 97871, 0, 96.08
2026/10/09 01:27:34.006, 1, 14, 97871, 0, 98.11
2026/10/09 01:27:34.006, 2, 9, 97871, 0, 96.14
2026/10/09 01:27:34.006, 3, 10, 97871, 0, 99.38
2026/10/09 01:27:35.006, 0, 13, 97871, 0, 96.09
2026/10/09 01:27:35.006, 1, 14, 97871, 0, 98.11
2026/10/09 01:27:35.006, 2, 9, 97871, 0, 96.22
2026/10/09 01:27:35.006, 3, 10, 97871, 0, 99.45
2026/10/09 01:27:36.006, 0, 13, 97871, 0, 96.07
2026/10/09 01:27:36.006, 1, 14, 97871, 0, 98.11
2026/10/09 01:27:36.006, 2, 9, 97871, 0, 96.19
2026/10/09 01:27:36.006, 3, 10, 97871, 0, 99.53
2026/10/09 01:27:37.006, 0, 13, 97871, 0, 96.10
2026/10/09 01:27:37.006, 1, 14, 97871, 0, 97.98
2026/10/09 01:27:37.006, 2, 9, 97871, 0, 96.28
2026/10/09 01:27:37.006, 3, 10, 97871, 0, 99.56
2026/10/09 01:27:38.006, 0, 13, 97871, 0, 96.13
2026/10/09 01:27:38.006, 1, 14, 97871, 0, 98.06
2026/10/09 01:27:38.006, 2, 9, 97871, 0, 96.25
2026/10/09 01:27:38.006, 3, 10, 97871, 0, 99.68
2026/10/09 01:27:39.007, 0, 13, 97871, 0, 95.98
2026/10/09 01:27:39.007, 1, 14, 97871, 0, 98.00
2026/10/09 01:27:39.007, 2, 9, 97871, 0, 96.23
2026/10/09 01:27:39.007, 3, 10, 97871, 0, 99.40
2026/10/09 01:27:40.007, 0, 13, 97871, 0, 95.97
2026/10/09 01:27:40.007, 1, 14, 97871, 0, 98.13
2026/10/09 01:27:40.007, 2, 9, 97871, 0, 96.25
2026/10/09 01:27:40.007, 3, 10, 97871, 0, 99.70
2026/10/09 01:27:41.007, 0, 13, 97871, 0, 95.90
2026/10/09 01:27:41.007, 1, 14, 97871, 0, 98.06
2026/10/09 01:27:41.007, 2, 9, 97871, 0, 96.18
2026/10/09 01:27:41.007, 3, 10, 97871, 0, 99.60
2026/10/09 01:27:42.007, 0, 13, 97871, 0, 96.08
2026/10/09 01:27:42.007, 1, 14, 97871, 0, 98.14
2026/10/09 01:27:42.007, 2, 9, 97871, 0, 96.37
2026/10/09 01:27:42.007, 3, 10, 97871, 0, 99.49
2026/10/09 01:27:43.007, 0, 12, 97871, 0, 96.25
2026/10/09 01:27:43.007, 1, 14, 97871, 0, 98.07
2026/10/09 01:27:43.007, 2, 9, 97871, 0, 96.19
2026/10/09 01:27:43.007, 3, 10, 97871, 0, 99.56
2026/10/09 01:27:44.007, 0, 12, 97871, 0, 96.01
2026/10/09 01:27:44.007, 1, 14, 97871, 0, 98.22
2026/10/09 01:27:44.008, 2, 9, 97871, 0, 96.10
2026/10/09 01:27:44.008, 3, 10, 97871, 0, 99.57
2026/10/09 01:27:45.008, 0, 12, 97871, 0, 95.89
2026/10/09 01:27:45.008, 1, 14, 97871, 0, 98.14
2026/10/09 01:27:45.008, 2, 9, 97871, 0, 96.25
2026/10/09 01:27:45.008, 3, 10, 97871, 0, 99.55
2026/10/09 01:27:46.008, 0, 12, 97871, 0, 95.92
2026/10/09 01:27:46.008, 1, 14, 97871, 0, 97.94
2026/10/09 01:27:46.008, 2, 9, 97871, 0, 96.25
2026/10/09 01:27:46.008, 3, 10, 97871, 0, 99.50
2026/10/09 01:27:47.008, 0, 12, 97871, 0, 96.00
2026/10/09 01:27:47.008, 1, 14, 97871, 0, 98.10
2026/10/09 01:27:47.008, 2, 9, 97871, 0, 96.02
2026/10/09 01:27:47.008, 3, 10, 97871, 0, 99.57
2026/10/09 01:27:48.008, 0, 12, 97871, 0, 96.02
2026/10/09 01:27:48.008, 1, 14, 97871, 0, 98.14
2026/10/09 01:27:48.008, 2, 9, 97871, 0, 96.15
2026/10/09 01:27:48.008, 3, 10, 97871, 0, 99.64
2026/10/09 01:27:49.009, 0, 12, 97871, 0, 96.09
2026/10/09 01:27:49.009, 1, 14, 97871, 0, 98.22
2026/10/09 01:27:49.009, 2, 9, 97871, 0, 96.22
2026/10/09 01:27:49.009, 3, 10, 97871, 0, 99.50
2026/10/09 01:27:50.009, 0, 12, 97871, 0, 96.13
2026/10/09 01:27:50.009, 1, 14, 97871, 0, 98.02
2026/10/09 01:27:50.009, 2, 9, 97871, 0, 96.21
2026/10/09 01:27:50.009, 3, 10, 97871, 0, 99.51
2026/10/09 01:27:51.009, 0, 12, 97871, 0, 95.98
2026/10/09 01:27:51.009, 1, 14, 97871, 0, 98.31
2026/10/09 01:27:51.009, 2, 9, 97871, 0, 96.25
2026/10/09 01:27:51.009, 3, 10, 97871, 0, 99.59
2026/10/09 01:27:52.009, 0, 12, 97871, 0, 96.08
2026/10/09 01:27:52.009, 1, 14, 97871, 0, 98.27
2026/10/09 01:27:52.009, 2, 9, 97871, 0, 96.23
2026/10/09 01:27:52.009, 3, 10, 97871, 0, 99.61
2026/10/09 01:27:53.009, 0, 12, 97871, 0, 96.10
2026/10/09 01:27:53.009, 1, 14, 97871, 0, 98.11
2026/10/09 01:27:53.009, 2, 9, 97871, 0, 96.21
2026/10/09 01:27:53.009, 3, 10, 97871, 0, 99.67
2026/10/09 01:27:54.010, 0, 12, 97871, 0, 95.97
2026/10/09 01:27:54.010, 1, 14, 97871, 0, 98.01
2026/10/09 01:27:54.010, 2, 9, 97871, 0, 96.18
2026/10/09 01:27:54.010, 3, 10, 97871, 0, 99.58
2026/10/09 01:27:55.010, 0, 12, 97871, 0, 96.20
2026/10/09 01:27:55.010, 1, 14, 97871, 0, 98.13
2026/10/09 01:27:55.010, 2, 9, 97871, 0, 96.12
2026/10/09 01:27:55.010, 3, 10, 97871, 0, 99.53
2026/10/09 01:27:56.010, 0, 12, 97871, 0, 95.97
2026/10/09 01:27:56.010, 1, 14, 97871, 0, 98.18
2026/10/09 01:27:56.010, 2, 9, 97871, 0, 96.24
2026/10/09 01:27:56.010, 3, 10, 97871, 0, 99.80
2026/10/09 01:27:57.010, 0, 12, 97871, 0, 95.97
2026/10/09 01:27:57.010, 1, 14, 97871, 0, 98.02
2026/10/09 01:27:57.010, 2, 9, 97871, 0, 96.28
2026/10/09 01:27:57.010, 3, 10, 97871, 0, 99.65
2026/10/09 01:27:58.010, 0, 12, 97871, 0, 96.20
2026/10/09 01:27:58.010, 1, 14, 97871, 0, 98.16
2026/10/09 01:27:58.010, 2, 9, 97871, 0, 96.33
2026/10/09 01:27:58.010, 3, 10, 97871, 0, 99.53
2026/10/09 01:27:59.010, 0, 12, 97871, 0, 96.10
2026/10/09 01:27:59.011, 1, 14, 97871, 0, 98.30
2026/10/09 01:27:59.011, 2, 9, 97871, 0, 96.18
2026/10/09 01:27:59.011, 3, 10, 97871, 0, 99.74
2026/10/09 01:28:00.011, 0, 14, 97871, 0, 96.49
2026/10/09 01:28:00.011, 1, 14, 97871, 0, 98.35
2026/10/09 01:28:00.011, 2, 9, 97871, 0, 96.22
2026/10/09 01:28:00.011, 3, 10, 97871, 0, 99.70
2026/10/09 01:28:01.011, 0, 643, 97871, 0, 124.69
2026/10/09 01:28:01.011, 1, 14, 97871, 0, 98.19
2026/10/09 01:28:01.011, 2, 9, 97871, 0, 96.29
2026/10/09 01:28:01.011, 3, 10, 97871, 0, 99.58
2026/10/09 01:28:02.011, 0, 3221, 97871, 0, 140.07
2026/10/09 01:28:02.012, 1, 14, 97871, 0, 98.28
2026/10/09 01:28:02.012, 2, 9, 97871, 0, 96.25
2026/10/09 01:28:02.012, 3, 10, 97871, 0, 99.68
2026/10/09 01:28:03.012, 0, 3221, 97871, 0, 139.54
2026/10/09 01:28:03.012, 1, 14, 97871, 0, 98.04
2026/10/09 01:28:03.012, 2, 9, 97871, 0, 96.28
2026/10/09 01:28:03.012, 3, 10, 97871, 0, 99.70
2026/10/09 01:28:04.012, 0, 16357, 97871, 0, 140.19
2026/10/09 01:28:04.012, 1, 14, 97871, 0, 98.12
2026/10/09 01:28:04.012, 2, 9, 97871, 0, 96.16
2026/10/09 01:28:04.013, 3, 10, 97871, 0, 99.62
2026/10/09 01:28:05.013, 0, 20233, 97871, 0, 140.64
2026/10/09 01:28:05.013, 1, 14, 97871, 0, 98.12
2026/10/09 01:28:05.013, 2, 9, 97871, 0, 96.29
2026/10/09 01:28:05.013, 3, 10, 97871, 0, 99.59
2026/10/09 01:28:06.013, 0, 20633, 97871, 0, 139.52
2026/10/09 01:28:06.013, 1, 14, 97871, 0, 98.05
2026/10/09 01:28:06.013, 2, 9, 97871, 0, 96.39
2026/10/09 01:28:06.013, 3, 10, 97871, 0, 99.48
2026/10/09 01:28:07.013, 0, 20633, 97871, 0, 140.67
2026/10/09 01:28:07.013, 1, 14, 97871, 0, 98.17
2026/10/09 01:28:07.013, 2, 9, 97871, 0, 96.36
2026/10/09 01:28:07.013, 3, 10, 97871, 0, 99.89
2026/10/09 01:28:08.014, 0, 20633, 97871, 1, 141.40
2026/10/09 01:28:08.014, 1, 14, 97871, 0, 98.25
2026/10/09 01:28:08.014, 2, 9, 97871, 0, 96.75
2026/10/09 01:28:08.014, 3, 10, 97871, 0, 99.91
2026/10/09 01:28:09.014, 0, 20633, 97871, 0, 140.69
2026/10/09 01:28:09.014, 1, 14, 97871, 0, 97.99
2026/10/09 01:28:09.014, 2, 9, 97871, 0, 96.54
2026/10/09 01:28:09.014, 3, 10, 97871, 0, 99.71
2026/10/09 01:28:10.014, 0, 20633, 97871, 0, 140.87
2026/10/09 01:28:10.014, 1, 14, 97871, 0, 98.48
2026/10/09 01:28:10.014, 2, 9, 97871, 0, 96.31
2026/10/09 01:28:10.014, 3, 10, 97871, 0, 99.60
2026/10/09 01:28:11.014, 0, 20633, 97871, 3, 142.18
2026/10/09 01:28:11.014, 1, 14, 97871, 0, 98.58
2026/10/09 01:28:11.014, 2, 9, 97871, 0, 96.42
2026/10/09 01:28:11.014, 3, 10, 97871, 0, 99.57
2026/10/09 01:28:12.015, 0, 20633, 97871, 0, 140.51
2026/10/09 01:28:12.015, 1, 14, 97871, 0, 98.22
2026/10/09 01:28:12.015, 2, 9, 97871, 0, 96.08
2026/10/09 01:28:12.015, 3, 10, 97871, 0, 99.66
2026/10/09 01:28:13.015, 0, 18943, 97871, 0, 139.64
2026/10/09 01:28:13.015, 1, 14, 97871, 0, 98.32
2026/10/09 01:28:13.015, 2, 9, 97871, 0, 96.19
2026/10/09 01:28:13.015, 3, 10, 97871, 0, 99.54
2026/10/09 01:28:14.015, 0, 18943, 97871, 0, 139.74
2026/10/09 01:28:14.016, 1, 14, 97871, 0, 98.15
2026/10/09 01:28:14.016, 2, 9, 97871, 0, 96.11
2026/10/09 01:28:14.016, 3, 10, 97871, 0, 99.52
2026/10/09 01:28:15.016, 0, 18943, 97871, 0, 139.90
2026/10/09 01:28:15.016, 1, 14, 97871, 0, 97.97
2026/10/09 01:28:15.016, 2, 9, 97871, 0, 96.16
2026/10/09 01:28:15.016, 3, 10, 97871, 0, 99.60
2026/10/09 01:28:16.016, 0, 18943, 97871, 0, 139.77
2026/10/09 01:28:16.016, 1, 14, 97871, 0, 98.07
2026/10/09 01:28:16.016, 2, 9, 97871, 0, 96.22
2026/10/09 01:28:16.016, 3, 10, 97871, 0, 99.72
2026/10/09 01:28:17.016, 0, 18943, 97871, 0, 139.80
2026/10/09 01:28:17.016, 1, 14, 97871, 0, 98.00
2026/10/09 01:28:17.016, 2, 9, 97871, 0, 96.22
2026/10/09 01:28:17.016, 3, 10, 97871, 0, 99.64
2026/10/09 01:28:18.016, 0, 18943, 97871, 0, 139.91
2026/10/09 01:28:18.016, 1, 14, 97871, 0, 98.01
2026/10/09 01:28:18.016, 2, 9, 97871, 0, 96.22
2026/10/09 01:28:18.016, 3, 10, 97871, 0, 99.49
2026/10/09 01:28:19.016, 0, 18943, 97871, 0, 139.73
2026/10/09 01:28:19.017, 1, 14, 97871, 0, 98.01
2026/10/09 01:28:19.017, 2, 9, 97871, 0, 96.17
2026/10/09 01:28:19.017, 3, 10, 97871, 0, 99.46
2026/10/09 01:28:20.017, 0, 18943, 97871, 0, 139.54
2026/10/09 01:28:20.017, 1, 14, 97871, 0, 98.39
2026/10/09 01:28:20.017, 2, 9, 97871, 0, 96.22
2026/10/09 01:28:20.017, 3, 10, 97871, 0, 99.53
2026/10/09 01:28:21.017, 0, 18943, 97871, 0, 139.78
2026/10/09 01:28:21.017, 1, 14, 97871, 0, 98.19
2026/10/09 01:28:21.017, 2, 9, 97871, 0, 96.28
2026/10/09 01:28:21.017, 3, 10, 97871, 0, 99.41
2026/10/09 01:28:22.017, 0, 19135, 97871, 0, 139.89
2026/10/09 01:28:22.017, 1, 14, 97871, 0, 98.06
2026/10/09 01:28:22.017, 2, 9, 97871, 0, 96.24
2026/10/09 01:28:22.018, 3, 10, 97871, 0, 99.41
2026/10/09 01:28:23.018, 0, 19195, 97871, 0, 175.49
2026/10/09 01:28:23.018, 1, 14, 97871, 0, 98.23
2026/10/09 01:28:23.018, 2, 9, 97871, 0, 96.21
2026/10/09 01:28:23.018, 3, 10, 97871, 0, 99.46
2026/10/09 01:28:24.018, 0, 19195, 97871, 0, 152.89
2026/10/09 01:28:24.018, 1, 14, 97871, 0, 98.07
2026/10/09 01:28:24.018, 2, 9, 97871, 0, 96.28
2026/10/09 01:28:24.018, 3, 10, 97871, 0, 99.49
2026/10/09 01:28:25.018, 0, 19607, 97871, 0, 189.89
2026/10/09 01:28:25.018, 1, 14, 97871, 0, 98.10
2026/10/09 01:28:25.018, 2, 9, 97871, 0, 96.15
2026/10/09 01:28:25.018, 3, 10, 97871, 0, 99.46
2026/10/09 01:28:26.018, 0, 19607, 97871, 0, 197.52
2026/10/09 01:28:26.019, 1, 14, 97871, 0, 97.93
2026/10/09 01:28:26.019, 2, 9, 97871, 0, 96.14
2026/10/09 01:28:26.019, 3, 10, 97871, 0, 99.55
2026/10/09 01:28:27.019, 0, 19607, 97871, 0, 140.12
2026/10/09 01:28:27.019, 1, 14, 97871, 0, 97.94
2026/10/09 01:28:27.019, 2, 9, 97871, 0, 96.22
2026/10/09 01:28:27.019, 3, 10, 97871, 0, 99.57
2026/10/09 01:28:28.019, 0, 19607, 97871, 0, 207.15
2026/10/09 01:28:28.019, 1, 14, 97871, 0, 98.06
2026/10/09 01:28:28.019, 2, 9, 97871, 0, 96.14
2026/10/09 01:28:28.019, 3, 10, 97871, 0, 99.64
2026/10/09 01:28:29.019, 0, 19607, 97871, 0, 139.85
2026/10/09 01:28:29.019, 1, 14, 97871, 0, 98.11
2026/10/09 01:28:29.019, 2, 9, 97871, 0, 96.16
2026/10/09 01:28:29.019, 3, 10, 97871, 0, 99.57
2026/10/09 01:28:30.019, 0, 19607, 97871, 0, 139.85
2026/10/09 01:28:30.020, 1, 14, 97871, 0, 98.09
2026/10/09 01:28:30.020, 2, 9, 97871, 0, 96.22
2026/10/09 01:28:30.020, 3, 10, 97871, 0, 99.50
2026/10/09 01:28:31.020, 0, 19607, 97871, 0, 140.09
2026/10/09 01:28:31.020, 1, 14, 97871, 0, 98.25
2026/10/09 01:28:31.020, 2, 9, 97871, 0, 96.31
2026/10/09 01:28:31.020, 3, 10, 97871, 0, 99.54
2026/10/09 01:28:32.020, 0, 20279, 97871, 0, 251.12
2026/10/09 01:28:32.020, 1, 14, 97871, 0, 98.14
2026/10/09 01:28:32.020, 2, 9, 97871, 0, 96.38
2026/10/09 01:28:32.020, 3, 10, 97871, 0, 99.65
2026/10/09 01:28:33.020, 0, 20279, 97871, 0, 140.10
2026/10/09 01:28:33.020, 1, 14, 97871, 0, 97.99
2026/10/09 01:28:33.020, 2, 9, 97871, 0, 96.26
2026/10/09 01:28:33.020, 3, 10, 97871, 0, 99.48
2026/10/09 01:28:34.020, 0, 20279, 97871, 0, 139.67
2026/10/09 01:28:34.020, 1, 14, 97871, 0, 98.14
2026/10/09 01:28:34.020, 2, 9, 97871, 0, 96.24
2026/10/09 01:28:34.020, 3, 10, 97871, 0, 99.55
2026/10/09 01:28:35.020, 0, 20279, 97871, 0, 197.21
2026/10/09 01:28:35.020, 1, 14, 97871, 0, 98.12
2026/10/09 01:28:35.020, 2, 9, 97871, 0, 96.25
2026/10/09 01:28:35.021, 3, 10, 97871, 0, 99.38
2026/10/09 01:28:36.021, 0, 20279, 97871, 0, 139.99
2026/10/09 01:28:36.021, 1, 14, 97871, 0, 98.29
2026/10/09 01:28:36.021, 2, 9, 97871, 0, 96.26
2026/10/09 01:28:36.021, 3, 10, 97871, 0, 99.43
2026/10/09 01:28:37.021, 0, 20279, 97871, 0, 139.76
2026/10/09 01:28:37.021, 1, 14, 97871, 0, 98.25
2026/10/09 01:28:37.021, 2, 9, 97871, 0, 96.34
2026/10/09 01:28:37.021, 3, 10, 97871, 0, 99.51
2026/10/09 01:28:38.021, 0, 20279, 97871, 0, 139.89
2026/10/09 01:28:38.021, 1, 14, 97871, 0, 98.14
2026/10/09 01:28:38.021, 2, 9, 97871, 0, 96.43
2026/10/09 01:28:38.021, 3, 10, 97871, 0, 99.46
2026/10/09 01:28:39.021, 0, 20279, 97871, 0, 139.89
2026/10/09 01:28:39.021, 1, 14, 97871, 0, 98.24
2026/10/09 01:28:39.021, 2, 9, 97871, 0, 96.31
2026/10/09 01:28:39.021, 3, 10, 97871, 0, 99.39
2026/10/09 01:28:40.021, 0, 21015, 97871, 100, 419.57
2026/10/09 01:28:40.021, 1, 14, 97871, 0, 98.14
2026/10/09 01:28:40.021, 2, 9, 97871, 0, 96.24
2026/10/09 01:28:40.021, 3, 10, 97871, 0, 99.30
2026/10/09 01:28:41.021, 0, 21015, 97871, 0, 214.68
2026/10/09 01:28:41.022, 1, 14, 97871, 0, 98.11
2026/10/09 01:28:41.022, 2, 9, 97871, 0, 96.23
2026/10/09 01:28:41.022, 3, 10, 97871, 0, 99.42
2026/10/09 01:28:42.022, 0, 44743, 97871, 0, 141.51
2026/10/09 01:28:42.023, 1, 14, 97871, 0, 98.27
2026/10/09 01:28:42.023, 2, 9, 97871, 0, 96.03
2026/10/09 01:28:42.023, 3, 10, 97871, 0, 99.57
2026/10/09 01:28:43.024, 0, 77947, 97871, 33, 352.87
2026/10/09 01:28:43.024, 1, 14, 97871, 0, 98.04
2026/10/09 01:28:43.024, 2, 9, 97871, 0, 96.12
2026/10/09 01:28:43.024, 3, 10, 97871, 0, 99.41
2026/10/09 01:28:44.024, 0, 78057, 97871, 18, 233.41
2026/10/09 01:28:44.024, 1, 14, 97871, 0, 97.83
2026/10/09 01:28:44.024, 2, 9, 97871, 0, 96.20
2026/10/09 01:28:44.024, 3, 10, 97871, 0, 99.09
2026/10/09 01:28:45.024, 0, 78325, 97871, 28, 199.47
2026/10/09 01:28:45.024, 1, 14, 97871, 0, 98.07
2026/10/09 01:28:45.024, 2, 9, 97871, 0, 96.06
2026/10/09 01:28:45.024, 3, 10, 97871, 0, 99.50
2026/10/09 01:28:46.024, 0, 78371, 97871, 17, 208.38
2026/10/09 01:28:46.024, 1, 14, 97871, 0, 98.09
2026/10/09 01:28:46.024, 2, 9, 97871, 0, 96.09
2026/10/09 01:28:46.024, 3, 10, 97871, 0, 99.25
2026/10/09 01:28:47.024, 0, 78371, 97871, 0, 140.96
2026/10/09 01:28:47.024, 1, 14, 97871, 0, 98.00
2026/10/09 01:28:47.025, 2, 9, 97871, 0, 96.03
2026/10/09 01:28:47.025, 3, 10, 97871, 0, 99.67
2026/10/09 01:28:48.025, 0, 78371, 97871, 0, 140.65
2026/10/09 01:28:48.025, 1, 14, 97871, 0, 98.37
2026/10/09 01:28:48.025, 2, 9, 97871, 0, 95.97
2026/10/09 01:28:48.025, 3, 10, 97871, 0, 99.63
2026/10/09 01:28:49.025, 0, 78889, 97871, 0, 147.46
2026/10/09 01:28:49.025, 1, 14, 97871, 0, 98.63
2026/10/09 01:28:49.025, 2, 9, 97871, 0, 96.19
2026/10/09 01:28:49.025, 3, 10, 97871, 0, 99.56
2026/10/09 01:28:50.025, 0, 78889, 97871, 0, 140.20
2026/10/09 01:28:50.026, 1, 14, 97871, 0, 98.19
2026/10/09 01:28:50.026, 2, 9, 97871, 0, 96.01
2026/10/09 01:28:50.026, 3, 10, 97871, 0, 99.55
2026/10/09 01:28:51.026, 0, 79415, 97871, 0, 140.59
2026/10/09 01:28:51.026, 1, 14, 97871, 0, 98.35
2026/10/09 01:28:51.026, 2, 9, 97871, 0, 96.23
2026/10/09 01:28:51.026, 3, 10, 97871, 0, 99.67
2026/10/09 01:28:52.026, 0, 79417, 97871, 0, 146.26
2026/10/09 01:28:52.026, 1, 14, 97871, 0, 98.25
2026/10/09 01:28:52.026, 2, 9, 97871, 0, 96.20
2026/10/09 01:28:52.026, 3, 10, 97871, 0, 99.60
2026/10/09 01:28:53.026, 0, 79417, 97871, 0, 140.43
2026/10/09 01:28:53.027, 1, 14, 97871, 0, 98.30
2026/10/09 01:28:53.027, 2, 9, 97871, 0, 96.05
2026/10/09 01:28:53.027, 3, 10, 97871, 0, 99.63
2026/10/09 01:28:54.027, 0, 79417, 97871, 99, 229.65
2026/10/09 01:28:54.027, 1, 14, 97871, 0, 98.15
2026/10/09 01:28:54.027, 2, 9, 97871, 0, 96.04
2026/10/09 01:28:54.027, 3, 10, 97871, 0, 99.55
2026/10/09 01:28:55.027, 0, 79417, 97871, 98, 506.22
2026/10/09 01:28:55.027, 1, 14, 97871, 0, 97.96
2026/10/09 01:28:55.027, 2, 9, 97871, 0, 96.13
2026/10/09 01:28:55.027, 3, 10, 97871, 0, 99.39
2026/10/09 01:28:56.027, 0, 79417, 97871, 100, 509.08
2026/10/09 01:28:56.027, 1, 14, 97871, 0, 98.14
2026/10/09 01:28:56.027, 2, 9, 97871, 0, 96.05
2026/10/09 01:28:56.027, 3, 10, 97871, 0, 99.55
2026/10/09 01:28:57.027, 0, 79417, 97871, 75, 481.98
2026/10/09 01:28:57.027, 1, 14, 97871, 0, 98.14
2026/10/09 01:28:57.027, 2, 9, 97871, 0, 96.10
2026/10/09 01:28:57.027, 3, 10, 97871, 0, 99.31
2026/10/09 01:28:58.027, 0, 79417, 97871, 100, 501.10
2026/10/09 01:28:58.027, 1, 14, 97871, 0, 98.04
2026/10/09 01:28:58.027, 2, 9, 97871, 0, 96.19
2026/10/09 01:28:58.027, 3, 10, 97871, 0, 99.40
2026/10/09 01:28:59.027, 0, 79417, 97871, 100, 515.79
2026/10/09 01:28:59.028, 1, 14, 97871, 0, 98.07
2026/10/09 01:28:59.028, 2, 9, 97871, 0, 96.13
2026/10/09 01:28:59.028, 3, 10, 97871, 0, 99.42
2026/10/09 01:29:00.028, 0, 79417, 97871, 100, 519.86
2026/10/09 01:29:00.028, 1, 14, 97871, 0, 97.98
2026/10/09 01:29:00.028, 2, 9, 97871, 0, 96.15
2026/10/09 01:29:00.028, 3, 10, 97871, 0, 99.46
2026/10/09 01:29:01.028, 0, 79417, 97871, 100, 526.11
2026/10/09 01:29:01.028, 1, 14, 97871, 0, 98.04
2026/10/09 01:29:01.028, 2, 9, 97871, 0, 96.13
2026/10/09 01:29:01.028, 3, 10, 97871, 0, 99.50
2026/10/09 01:29:02.028, 0, 79417, 97871, 98, 528.16
2026/10/09 01:29:02.028, 1, 14, 97871, 0, 98.03
2026/10/09 01:29:02.028, 2, 9, 97871, 0, 95.95
2026/10/09 01:29:02.028, 3, 10, 97871, 0, 99.50
2026/10/09 01:29:03.028, 0, 79417, 97871, 100, 533.48
2026/10/09 01:29:03.028, 1, 14, 97871, 0, 97.92
2026/10/09 01:29:03.028, 2, 9, 97871, 0, 95.96
2026/10/09 01:29:03.028, 3, 10, 97871, 0, 99.46
2026/10/09 01:29:04.028, 0, 79417, 97871, 99, 536.01
2026/10/09 01:29:04.028, 1, 14, 97871, 0, 98.05
2026/10/09 01:29:04.028, 2, 9, 97871, 0, 96.02
2026/10/09 01:29:04.028, 3, 10, 97871, 0, 99.61
2026/10/09 01:29:05.028, 0, 79417, 97871, 100, 537.04
2026/10/09 01:29:05.029, 1, 14, 97871, 0, 97.86
2026/10/09 01:29:05.029, 2, 9, 97871, 0, 96.18
2026/10/09 01:29:05.029, 3, 10, 97871, 0, 99.68
2026/10/09 01:29:06.029, 0, 79417, 97871, 100, 537.33
2026/10/09 01:29:06.029, 1, 14, 97871, 0, 98.04
2026/10/09 01:29:06.029, 2, 9, 97871, 0, 96.11
2026/10/09 01:29:06.029, 3, 10, 97871, 0, 99.64
2026/10/09 01:29:07.029, 0, 79417, 97871, 100, 536.68
2026/10/09 01:29:07.029, 1, 14, 97871, 0, 97.90
2026/10/09 01:29:07.029, 2, 9, 97871, 0, 95.93
2026/10/09 01:29:07.029, 3, 10, 97871, 0, 99.41
2026/10/09 01:29:08.029, 0, 79417, 97871, 100, 538.33
2026/10/09 01:29:08.029, 1, 14, 97871, 0, 98.04
2026/10/09 01:29:08.029, 2, 9, 97871, 0, 96.16
2026/10/09 01:29:08.029, 3, 10, 97871, 0, 99.50
2026/10/09 01:29:09.029, 0, 79417, 97871, 100, 534.79
2026/10/09 01:29:09.029, 1, 14, 97871, 0, 98.13
2026/10/09 01:29:09.029, 2, 9, 97871, 0, 96.20
2026/10/09 01:29:09.029, 3, 9, 97871, 0, 99.75
2026/10/09 01:29:10.029, 0, 79753, 97871, 100, 534.57
2026/10/09 01:29:10.029, 1, 14, 97871, 0, 97.87
2026/10/09 01:29:10.029, 2, 9, 97871, 0, 96.12
2026/10/09 01:29:10.029, 3, 9, 97871, 0, 99.57
2026/10/09 01:29:11.030, 0, 79753, 97871, 100, 535.50
2026/10/09 01:29:11.030, 1, 14, 97871, 0, 97.93
2026/10/09 01:29:11.030, 2, 9, 97871, 0, 96.07
2026/10/09 01:29:11.030, 3, 9, 97871, 0, 99.44
2026/10/09 01:29:12.030, 0, 79753, 97871, 100, 537.60
2026/10/09 01:29:12.030, 1, 14, 97871, 0, 98.04
2026/10/09 01:29:12.030, 2, 9, 97871, 0, 95.99
2026/10/09 01:29:12.030, 3, 9, 97871, 0, 99.36
2026/10/09 01:29:13.030, 0, 79753, 97871, 100, 532.42
2026/10/09 01:29:13.030, 1, 14, 97871, 0, 97.99
2026/10/09 01:29:13.030, 2, 9, 97871, 0, 96.06
2026/10/09 01:29:13.030, 3, 9, 97871, 0, 99.49
2026/10/09 01:29:14.030, 0, 79753, 97871, 100, 534.24
2026/10/09 01:29:14.030, 1, 14, 97871, 0, 97.96
2026/10/09 01:29:14.030, 2, 9, 97871, 0, 95.97
2026/10/09 01:29:14.030, 3, 9, 97871, 0, 99.62
2026/10/09 01:29:15.030, 0, 80257, 97871, 100, 533.87
2026/10/09 01:29:15.030, 1, 14, 97871, 0, 97.91
2026/10/09 01:29:15.030, 2, 9, 97871, 0, 95.84
2026/10/09 01:29:15.030, 3, 9, 97871, 0, 99.48
2026/10/09 01:29:16.031, 0, 80257, 97871, 100, 533.13
2026/10/09 01:29:16.031, 1, 14, 97871, 0, 98.04
2026/10/09 01:29:16.031, 2, 9, 97871, 0, 95.98
2026/10/09 01:29:16.031, 3, 9, 97871, 0, 99.48
2026/10/09 01:29:17.031, 0, 80257, 97871, 100, 535.20
2026/10/09 01:29:17.031, 1, 14, 97871, 0, 98.02
2026/10/09 01:29:17.031, 2, 9, 97871, 0, 95.90
2026/10/09 01:29:17.031, 3, 9, 97871, 0, 99.54
2026/10/09 01:29:18.031, 0, 80257, 97871, 100, 534.98
2026/10/09 01:29:18.031, 1, 14, 97871, 0, 97.88
2026/10/09 01:29:18.031, 2, 9, 97871, 0, 95.94
2026/10/09 01:29:18.031, 3, 9, 97871, 0, 99.48
2026/10/09 01:29:19.031, 0, 80257, 97871, 100, 535.92
2026/10/09 01:29:19.031, 1, 14, 97871, 0, 98.03
2026/10/09 01:29:19.031, 2, 9, 97871, 0, 96.01
2026/10/09 01:29:19.031, 3, 9, 97871, 0, 99.33
2026/10/09 01:29:20.031, 0, 80257, 97871, 100, 533.25
2026/10/09 01:29:20.031, 1, 14, 97871, 0, 98.10
2026/10/09 01:29:20.031, 2, 9, 97871, 0, 96.03
2026/10/09 01:29:20.031, 3, 9, 97871, 0, 99.54
2026/10/09 01:29:21.032, 0, 80257, 97871, 100, 532.69
2026/10/09 01:29:21.032, 1, 14, 97871, 0, 97.90
2026/10/09 01:29:21.032, 2, 9, 97871, 0, 96.08
2026/10/09 01:29:21.032, 3, 9, 97871, 0, 99.33
2026/10/09 01:29:22.032, 0, 80257, 97871, 100, 532.53
2026/10/09 01:29:22.032, 1, 14, 97871, 0, 97.99
2026/10/09 01:29:22.032, 2, 9, 97871, 0, 96.04
2026/10/09 01:29:22.032, 3, 9, 97871, 0, 99.66
2026/10/09 01:29:23.032, 0, 80929, 97871, 100, 535.30
2026/10/09 01:29:23.032, 1, 14, 97871, 0, 97.98
2026/10/09 01:29:23.032, 2, 9, 97871, 0, 96.11
2026/10/09 01:29:23.032, 3, 9, 97871, 0, 99.44
2026/10/09 01:29:24.032, 0, 80929, 97871, 100, 535.60
2026/10/09 01:29:24.032, 1, 14, 97871, 0, 98.02
2026/10/09 01:29:24.032, 2, 9, 97871, 0, 96.06
2026/10/09 01:29:24.032, 3, 9, 97871, 0, 99.55
2026/10/09 01:29:25.032, 0, 80929, 97871, 100, 538.47
2026/10/09 01:29:25.032, 1, 14, 97871, 0, 98.01
2026/10/09 01:29:25.032, 2, 9, 97871, 0, 96.15
2026/10/09 01:29:25.032, 3, 9, 97871, 0, 99.46
2026/10/09 01:29:26.033, 0, 80929, 97871, 100, 535.64
2026/10/09 01:29:26.033, 1, 14, 97871, 0, 98.02
2026/10/09 01:29:26.033, 2, 9, 97871, 0, 96.01
2026/10/09 01:29:26.033, 3, 9, 97871, 0, 99.66
2026/10/09 01:29:27.033, 0, 80929, 97871, 100, 540.74
2026/10/09 01:29:27.033, 1, 14, 97871, 0, 98.03
2026/10/09 01:29:27.033, 2, 9, 97871, 0, 96.06
2026/10/09 01:29:27.033, 3, 9, 97871, 0, 99.52
2026/10/09 01:29:28.033, 0, 80929, 97871, 100, 537.10
2026/10/09 01:29:28.033, 1, 14, 97871, 0, 98.05
2026/10/09 01:29:28.033, 2, 9, 97871, 0, 96.00
2026/10/09 01:29:28.033, 3, 9, 97871, 0, 99.50
2026/10/09 01:29:29.033, 0, 80929, 97871, 100, 538.53
2026/10/09 01:29:29.033, 1, 14, 97871, 0, 97.96
2026/10/09 01:29:29.033, 2, 9, 97871, 0, 95.99
2026/10/09 01:29:29.033, 3, 9, 97871, 0, 99.43
2026/10/09 01:29:30.033, 0, 80929, 97871, 100, 539.21
2026/10/09 01:29:30.033, 1, 14, 97871, 0, 97.92
2026/10/09 01:29:30.033, 2, 9, 97871, 0, 96.10
2026/10/09 01:29:30.033, 3, 9, 97871, 0, 99.44
2026/10/09 01:29:31.033, 0, 80929, 97871, 100, 538.06
2026/10/09 01:29:31.034, 1, 14, 97871, 0, 97.93
2026/10/09 01:29:31.034, 2, 9, 97871, 0, 96.01
2026/10/09 01:29:31.034, 3, 9, 97871, 0, 99.47
2026/10/09 01:29:32.034, 0, 80929, 97871, 24, 469.38
2026/10/09 01:29:32.034, 1, 14, 97871, 0, 98.01
2026/10/09 01:29:32.034, 2, 9, 97871, 0, 95.99
2026/10/09 01:29:32.034, 3, 9, 97871, 0, 99.43
2026/10/09 01:29:33.034, 0, 13, 97871, 0, 143.52
2026/10/09 01:29:33.034, 1, 14, 97871, 0, 98.39
2026/10/09 01:29:33.034, 2, 9, 97871, 0, 96.11
2026/10/09 01:29:33.034, 3, 9, 97871, 0, 99.70
